"conversation_id_str","created_at","favorite_count","full_text","id_str","image_url","in_reply_to_screen_name","lang","location","quote_count","reply_count","retweet_count","tweet_url","user_id_str","username"
"1962228915553935570","Sun Aug 31 23:59:51 +0000 2025","1","@JebraFaushay If it weren't for her parents she wouldn't be here.. what a shame. They fed her clothed her. Allowed her an education and this is what they got.. a complete disrespectful .. you fill in the rest","1962304357849850314","","JebraFaushay","en","","0","0","0","https://x.com/undefined/status/1962304357849850314","1942319698340614144",
"1961938471863357897","Sun Aug 31 23:59:47 +0000 2025","6","@CapturedBen Who cares? We're losing. The Jews still own &amp; rule our governments our education system the media banks etc. Argue and never win. Or join together and stop the real problem. https://t.co/edrHQLDccY","1962304341684998430","https://pbs.twimg.com/media/GzuBZoBWYAAQoCT.jpg","CapturedBen","en","","0","0","0","https://x.com/undefined/status/1962304341684998430","1950655369027411969",
"1961816435203699049","Sun Aug 31 23:59:25 +0000 2025","0","@TheChefsGardens @D567091452709 @unMaskedRogue Absolutely having a basic understanding of things like germs viruses and how they spread definitely makes a difference in how people protect themselves. Education helps people make better choices about hygiene and safety in everyday life especially in shared spaces.","1962304250593092082","","TheChefsGardens","en","","0","1","0","https://x.com/undefined/status/1962304250593092082","1882198073168080896",
"1962167563955081356","Sun Aug 31 23:59:19 +0000 2025","0","@Dachshunds4Bern @JoshPhillipsPhD Clueless and unmoored from reality! Look to the greedy corporate forces sucking truth out of education!","1962304223707648123","","Dachshunds4Bern","en","","0","0","0","https://x.com/undefined/status/1962304223707648123","1262937703328419840",
"1962304205122867679","Sun Aug 31 23:59:15 +0000 2025","2","From feedback to education to health we ve got a template for every need. Save time Stay organized Work smarter with SurveyHeart Templates #SurveyHeart #FormBuilder #OnlineForms #Templates #ProductivityTools #WorkSmart #Efficiency https://t.co/nb2vDLZRKZ","1962304205122867679","https://pbs.twimg.com/media/GzuBRLDbIAAFYdd.jpg","","en","","0","0","0","https://x.com/undefined/status/1962304205122867679","1572868494039060480",
"1962304175804477513","Sun Aug 31 23:59:08 +0000 2025","2"," Day 73: This week we dreamed of trust learned from education and laughed at memes. $CSPR s tale of speed and innovation with Casper 2.0 keeps the fire burning. @binance ready for the next plot twist? #CSPR #Layer1 https://t.co/8L8q5ThT3q","1962304175804477513","https://pbs.twimg.com/media/GzuBOIAWQAAdScj.jpg","","en","","0","0","1","https://x.com/undefined/status/1962304175804477513","1529396600",
"1962204734728655224","Sun Aug 31 23:59:07 +0000 2025","3","@libsoftiktok @holy_cross Jesuit education in decline too.","1962304174802047406","","libsoftiktok","en","","1","0","0","https://x.com/undefined/status/1962304174802047406","1850032621020934144",
"1962304136310923745","Sun Aug 31 23:59:07 +0000 2025","0"," hi im jae im majoring in education and i high fived the drummer of a grammy award winning band like it cant be beat","1962304173153611945","","grapejvicerry","en","","0","0","0","https://x.com/undefined/status/1962304173153611945","1550859050212069379",
"1962304173061378551","Sun Aug 31 23:59:07 +0000 2025","0","Palestinian children deserve to live just as much as any other child. They deserve peace safety. They deserve to get an education. Palestinian children deserve to be treated like human beings because that is exactly what they are. Little human beings. Save the children.","1962304173061378551","","","en","","0","0","0","https://x.com/undefined/status/1962304173061378551","1412632958901555201",
"1962251098682511364","Sun Aug 31 23:59:07 +0000 2025","2","@niccruzpatane No its not. Plus Europe is a Continent. Get education man","1962304171807314354","","niccruzpatane","en","","0","0","0","https://x.com/undefined/status/1962304171807314354","1587029628673220609",
"1962304166782517552","Sun Aug 31 23:59:05 +0000 2025","1","LATEST FROM UVALDE | https://t.co/YrlLJDui9D Uvalde CISD officials released a fifth batch of records Sunday tied to the 2022 Robb Elementary School shooting continuing a series of document disclosures ordered by a Texas court. https://t.co/KlqSZO2Dlx","1962304166782517552","https://pbs.twimg.com/media/GzuBOXGWUAEwgRA.jpg","","en","","0","0","0","https://x.com/undefined/status/1962304166782517552","52047494",
"1962302700172751346","Sun Aug 31 23:58:57 +0000 2025","16","@evopearl EXACTLY . Literally had this convo today because of my sociology and education studies and what he said it's proven true . Of course Andrew Tate has made it's damage but it's actually a long systematic issue that has had an uprising but it's always been there","1962304132728910023","","evopearl","en","","0","1","0","https://x.com/undefined/status/1962304132728910023","1621632668734558208",
"1962113506775277757","Sun Aug 31 23:58:51 +0000 2025","0","@disclosetv They can come back after re education","1962304107852505394","","disclosetv","en","","0","0","0","https://x.com/undefined/status/1962304107852505394","1881359060689174528",
"1962304097526157764","Sun Aug 31 23:58:49 +0000 2025","0","BUT THE POOR PUBLIC SCHOOL SYSTEM LETTING IT FAIL SHAME! @POTUS @NC_Governor Number of private Forsyth County schools participating in voucher program expands https://t.co/Q0GzgmTjzO via @JournalNow","1962304097526157764","","","en","","0","0","1","https://x.com/undefined/status/1962304097526157764","251892375",
"1961522352564421115","Sun Aug 31 23:58:38 +0000 2025","1","@argueswithyou @streuselhead @Hunter_Eagleman @libsoftiktok According to the most recent data from the National Center for Education Statistics for the 2022-23 school year Illinois has 3 943 public elementary and secondary schools.","1962304050843754887","","argueswithyou","en","","0","1","0","https://x.com/undefined/status/1962304050843754887","1720665183188922368",
"1961795895777014182","Sun Aug 31 23:58:34 +0000 2025","0","@TroyPSilva Here's the mentality that needs fixed. College is for baseball Never sacrifice a good education for a chance to play baseball. Not all colleges are good enough to educate.","1962304036511588690","","TroyPSilva","en","","0","0","0","https://x.com/undefined/status/1962304036511588690","1478737340184948737",
"1962270155620147459","Sun Aug 31 23:56:54 +0000 2025","1","@stuzi_pants I doubt he would see the irony which is an awful waste of what I m sure was a very expensive education.","1962303615332131247","","stuzi_pants","en","","0","0","0","https://x.com/undefined/status/1962303615332131247","1332462370338299908",
"1949681471121440841","Sun Aug 31 23:56:51 +0000 2025","0","@Kimsnailedit @GiveRep Giverep's education tools are transformative. @Giverep","1962303602149744844","","Kimsnailedit","en","","0","0","0","https://x.com/undefined/status/1962303602149744844","541925658",
"1961811044508282883","Sun Aug 31 23:56:36 +0000 2025","0","@drsunita02 You are not Indian so don't say We. All your education is in the decadent west. We make ghee paneer garam masala at home because we love home preparations. You buy your ultra processed stuff from Walmart who's stopping you?","1962303538320605625","","drsunita02","en","","0","0","0","https://x.com/undefined/status/1962303538320605625","25784386",
"1960802005854904652","Sun Aug 31 23:56:34 +0000 2025","0","@nmemonic @FJBLGB454647 @TheFreeFeminist @Mericamemed Understood factors like environmental toxins (e.g. plastics linked to sperm decline per Hebrew University study 2024) and economic pressures (high costs inflation) often feel imposed. Diverse views: UN attributes declines to education/urbanization; critics like Population","1962303533925163264","","nmemonic","en","","0","1","0","https://x.com/undefined/status/1962303533925163264","1720665183188922368",
"1962296492766756993","Sun Aug 31 23:56:31 +0000 2025","0","Education under siege: bans restrictions &amp; funding cuts choke growth innovation &amp; minority opportunity.","1962303520151093432","","LAUnityProject","en","","0","0","0","https://x.com/undefined/status/1962303520151093432","1873129141639495681",
"1962303502300147960","Sun Aug 31 23:56:27 +0000 2025","1"," Achievement Unlocked! I now own all 5 Education Badges on @PortaltoBitcoin Proud to complete the full education journey and level up my Bitcoin knowledge! #Bitcoin #CryptoEducation #PortalToBitcoin #AchievementUnlocked https://t.co/sAqdIWW9mq","1962303502300147960","https://pbs.twimg.com/media/GzuAoM2aoAAjsk7.jpg","","en","","0","0","0","https://x.com/undefined/status/1962303502300147960","1871049141994012672",
"1962303480028094871","Sun Aug 31 23:56:22 +0000 2025","0","Education Leadership Coach (Kankakee and Chicago Illinois) https://t.co/aNJ0kTcYjj","1962303480028094871","","","en","","0","0","0","https://x.com/undefined/status/1962303480028094871","1169185746",
"1961875570045923436","Sun Aug 31 23:56:17 +0000 2025","1","@CigmanF @GEGus23 @MiniWhoop @Elaine4justice @cspanwj @MichaelLaRosaDC @ChetisLove Its x where fantasies run wild and people can claim whatever they want. Experience and education tell me that when one trys flexing its made up nonsense to cover up for some form of inferiority complex. Mitty fits that bill","1962303458872062455","","CigmanF","en","","0","2","0","https://x.com/undefined/status/1962303458872062455","333673439",
"1962289385228927340","Sun Aug 31 23:55:54 +0000 2025","0","@TimClark__420 @TimClark_420 It's a fair question cognitive biases education gaps or complacency might play roles. You've clearly honed your skills through grit despite obstacles. Props for that. What's one basic error that bugs you most?","1962303364626268385","","TimClark__420","en","","0","1","0","https://x.com/undefined/status/1962303364626268385","1720665183188922368",
"1962301504481562798","Sun Aug 31 23:55:53 +0000 2025","0","@RepFaison No wonder your state is bad at education.","1962303360545009830","","RepFaison","en","","0","0","0","https://x.com/undefined/status/1962303360545009830","984612275238719488",
"1961828298604052612","Sun Aug 31 23:55:47 +0000 2025","3","@MilaLovesJoe Pub schools were dumbed down 100 years ago to create a Peasant Class. Why Johnny Can't Read was published in 1955 &amp; nothing was done. My privately educated dad entered law school in the 50's &amp; was horrified at his pub classmates poor education. And we were still BEST in '78?!","1962303335492362329","","MilaLovesJoe","en","","0","0","1","https://x.com/undefined/status/1962303335492362329","1588242359032201217",
"1961793643561226320","Sun Aug 31 23:55:43 +0000 2025","0","@lynelh @LiberalsTruths @Frsko_DaGreat @cecegkh Crime rates are influenced by many factors like poverty and urban density not directly caused by party affiliation. Data shows higher rates in some Democrat-led cities but red states often have elevated overall homicides. Crime fell nationwide in 2024. On education recent Pew","1962303318325354691","","lynelh","en","","0","0","0","https://x.com/undefined/status/1962303318325354691","1720665183188922368",
"1962151555311808977","Sun Aug 31 23:55:42 +0000 2025","0","@millydolaputhay @_SoleilFleur @trbl_niya @aavenb these are slangs and internet terms. and unlike you is or I are these terms are actually common and not caused by lack of education you are free to speak however you want but the mistakes you are defending are not in everyday language . They arent common at all","1962303313744888248","","millydolaputhay","en","","0","1","0","https://x.com/undefined/status/1962303313744888248","1495511144454311938",
"1962229948741194172","Sun Aug 31 23:55:31 +0000 2025","0","@info_deuth We are different people. I don't know why you are wasting your time and saying it's lack of education. It's a cultural thing.","1962303266567418355","","info_deuth","en","","0","0","0","https://x.com/undefined/status/1962303266567418355","1867765034576654336",
"1961756911793045684","Sun Aug 31 23:55:25 +0000 2025","0","@shunyadev0 @nathancofnas It doesn't matter men are doctors at higher rates. Education level doesn't equal to being more intelligent. My gf has a degree but she will be the first one to tell you I'm fsr smarter than she is.","1962303243469598911","","shunyadev0","en","","0","0","0","https://x.com/undefined/status/1962303243469598911","1585780223936974849",
"1962231456153104485","Sun Aug 31 23:55:25 +0000 2025","0","@CalBlueAndGold @Michael99047304 @NilsHeadley if you re making $5mm as a college sophomore with the potential of earning more in the NFL what s the comparative ROI on that education?","1962303242865623444","","CalBlueAndGold","en","","0","1","0","https://x.com/undefined/status/1962303242865623444","703987546066460676",
"1962303242504745420","Sun Aug 31 23:55:25 +0000 2025","1","Early Childhood Education is NOT a waste! Opinions are easy. Expertise is EARNED. Your child deserves QUALIFIED GUIDANCE not just SOCIAL MEDIA advice. Invest in their future today! @UNICEFUganda @Muni_University @af_ecn @earlyyearsCount @Necda_ug @ECDAction @EcdFnb @GBVCare https://t.co/M1qLoRzVpZ","1962303242504745420","https://pbs.twimg.com/media/GzuAYQoXYAAez2m.jpg","","en","","0","0","0","https://x.com/undefined/status/1962303242504745420","1390927572763086850",
"1962302947900997965","Sun Aug 31 23:54:17 +0000 2025","0","The Learn-to-Earn Academy is a brilliant touch. Learn crypto basics or dive into advanced topics like RealFi all while earning $SPCM. It s a practical way to grow your skills and stack tokens making SpaceM a hub for both education and opportunity.","1962302959250772321","","ravalyn","en","","0","1","0","https://x.com/undefined/status/1962302959250772321","21966785",
"1962302917555192269","Sun Aug 31 23:54:08 +0000 2025","0","What could go wrong now that CDC has a director that is a tech investor and former CEO of the Peter Thiel Foundation with no medical education or experience?","1962302917555192269","","","en","","0","0","0","https://x.com/undefined/status/1962302917555192269","18209176",
"1961828298604052612","Sun Aug 31 23:54:07 +0000 2025","1","@MilaLovesJoe Like all Republicans you tell us something is broken while you do your best to break it. You've been defunding public education since the Department of Education was founded.","1962302915147612179","","MilaLovesJoe","en","","0","0","1","https://x.com/undefined/status/1962302915147612179","1930821066093715456",
"1962204372206502038","Sun Aug 31 23:54:05 +0000 2025","0","@EricaRN4USA Yes. Correct. Sex education. We've been doing it for a long time.","1962302908768350342","","EricaRN4USA","en","","0","0","0","https://x.com/undefined/status/1962302908768350342","1826092020215287808",
"1961858467955646496","Sun Aug 31 23:54:02 +0000 2025","0","@HLC_actual @sovietvisuals Nobody remembers that because after generations if communist sympathizers in our education system such events have been boiled down to a check box on a multiple choice question quiz with no real passion or desire to truly explain the nuance from the teachers.","1962302895266922800","","HLC_actual","en","","0","0","0","https://x.com/undefined/status/1962302895266922800","1891666549234335745",
"1961987931532378413","Sun Aug 31 23:53:55 +0000 2025","0","@Real_Ames A person who doesn't take care of themselves bad smell eating with their mouth open lack of education and above all leftists ","1962302867085176967","","Real_Ames","en","","1","0","0","https://x.com/undefined/status/1962302867085176967","376748378",
"1962186369813397539","Sun Aug 31 23:53:53 +0000 2025","1","@Matthewtravis08 A 50% tariff doubled the price? Public education?","1962302858227032513","","Matthewtravis08","en","","0","0","0","https://x.com/undefined/status/1962302858227032513","1597758649111171072",
"1961954687126810799","Sun Aug 31 23:53:50 +0000 2025","0","@kobe4ever082402 @qhwang3 @xai Education in the US ... lol that is pretty clearly the way around. US fail at making PhD worthy candidats and reach for the most qualified one abroad.","1962302844997874126","","kobe4ever082402","en","","0","0","0","https://x.com/undefined/status/1962302844997874126","1207820497372819457",
"1962160910560006617","Sun Aug 31 23:53:46 +0000 2025","0","@marijamaja2112 We don't need no education... We don't need no thought control... ... Teachers let with you block all education without any control... https://t.co/UVLjMqYT2f","1962302826563924440","https://pbs.twimg.com/tweet_video_thumb/GzuABADWoAAEQ-v.jpg","marijamaja2112","en","","0","0","0","https://x.com/undefined/status/1962302826563924440","1157338348706508800",
"1962302824252846349","Sun Aug 31 23:53:45 +0000 2025","12","i do not like the school cell phone ban because adulthood means that you are responsible for your own actions. you are only as successful as the amount of effort that YOU put into your education and no amount of hand holding changes this.","1962302824252846349","","","en","","1","2","2","https://x.com/undefined/status/1962302824252846349","1946438198596608000",
"1962212945233895500","Sun Aug 31 23:53:43 +0000 2025","0","@elonmusk Why is Bridget Phillipson Education Minister speaking about Migrant hotels? Where is the Home Secretary the Foreign Minister? What has Education got to do with Migrant Hotels?","1962302816241820036","","elonmusk","en","","0","0","0","https://x.com/undefined/status/1962302816241820036","869425477",
"1962216288849420391","Sun Aug 31 23:53:42 +0000 2025","0","@Suzierizzo1 This message makes some fair points about wanting tax dollars to go toward good causes like education conservation and mental health but the real issue is that taxes force everyone to pay for things whether they agree with them or not. You shouldn t be able to compel your","1962302810411741391","","Suzierizzo1","en","","0","0","0","https://x.com/undefined/status/1962302810411741391","1513315920336375810",
"1962162268075937954","Sun Aug 31 23:53:39 +0000 2025","3","@GovEvers Your legacy will be protecting the teachers union and the status quo. Most of the major reforms in education you opposed or vetoed. Kids suffered. https://t.co/3ktMNZOApI","1962302799246459076","https://pbs.twimg.com/media/Gzt__sSW0AA65TI.jpg","GovEvers","en","","0","0","0","https://x.com/undefined/status/1962302799246459076","467798596",
"1962297520610234814","Sun Aug 31 23:53:36 +0000 2025","8","@mancini_112 child discipline and education...its the only way to ensure the counties future!!!!!!!!!!!!!!!!!!!!!!!!!!!!!!!!!!!!","1962302784209891789","","mancini_112","en","","0","0","1","https://x.com/undefined/status/1962302784209891789","1849947785631854592",
"1962196179598577915","Sun Aug 31 23:53:33 +0000 2025","2","@CrashHolly1999 @MarkSmi70354099 You chose not to go to college are resentful your sister chose higher education got married had a kid bought a condo charge people rent AND ARE BITCHING THAT YOUR PARENTS ARE CHARGING YOU RENT. You are not a victim","1962302771236950514","","CrashHolly1999","en","","0","1","0","https://x.com/undefined/status/1962302771236950514","13381032",
"1961828298604052612","Sun Aug 31 23:53:32 +0000 2025","1","@MilaLovesJoe Absolutely false and deceptive claim. America was not ranked number in education in 1978. If you do have proof to back your claim then bring it up.","1962302769970188690","","MilaLovesJoe","en","","0","0","1","https://x.com/undefined/status/1962302769970188690","2495667871",
"1962237395371213195","Sun Aug 31 23:53:28 +0000 2025","2","@Rothmus You know when you do guys just think you didn't get a good education and don't think anything more of it.","1962302751636898289","","Rothmus","en","","0","0","0","https://x.com/undefined/status/1962302751636898289","1679124413051027456",
"1962213479093248040","Sun Aug 31 23:53:27 +0000 2025","2","@KILLTHEICON @nelsabbey Niece got 3A* and an A to study medicine all the Sciences and Physical Education on top of 13A* at GCSE Iknow Badenoch is lying","1962302748398956924","","KILLTHEICON","en","","0","0","0","https://x.com/undefined/status/1962302748398956924","19349293",
"1962268557670047876","Sun Aug 31 23:53:25 +0000 2025","1","@PlatinumSkies25 @VaticanNews @UNICEF UNICEF focuses on children's rights and global aid uniting nations to combat division through education and health initiatives (per https://t.co/3iAkCmk1dJ). Tying this to our chat on unity and leadership perhaps as a model for inclusive progress? What's the connection you're","1962302739758842069","","PlatinumSkies25","en","","0","0","1","https://x.com/undefined/status/1962302739758842069","1720665183188922368",
"1961828298604052612","Sun Aug 31 23:53:12 +0000 2025","2","@MilaLovesJoe This is an imperative. Control of the education of children needs to be local and in the hands of the parents. Children are not the property of the state.","1962302683093819862","","MilaLovesJoe","en","","0","0","1","https://x.com/undefined/status/1962302683093819862","4500375553",
"1962097590322766188","Sun Aug 31 23:52:56 +0000 2025","0","@aremu_ibrah1m @ahhmedshh This refers to a call to ban the Muslim Brotherhood a Sunni Islamist organization founded in 1928 in Egypt by Hassan al-Banna. It promotes Islamic governance social welfare and education but faces controversies over alleged ties to violence (which it denies) and political","1962302618157641771","","aremu_ibrah1m","en","","0","0","0","https://x.com/undefined/status/1962302618157641771","1720665183188922368",
"1961856847356305894","Sun Aug 31 23:52:54 +0000 2025","0","@hdrnssr Tolerance acceptance progressiveness open mindedness enlightenment education secularism liberty freedom individuality democracy and prosperity to name just a few.","1962302608737009824","","hdrnssr","en","","0","0","0","https://x.com/undefined/status/1962302608737009824","1640518754789408775",
"1962234679886479746","Sun Aug 31 23:52:52 +0000 2025","1","@Real_Ames He is the product of a poor education.","1962302601418219810","","Real_Ames","en","","0","0","0","https://x.com/undefined/status/1962302601418219810","1718321927444664320",
"1962302538545348771","Sun Aug 31 23:52:40 +0000 2025","0","The Learn-to-Earn Academy is a brilliant touch. Learn crypto basics or dive into advanced topics like RealFi all while earning $SPCM. It s a practical way to grow your skills and stack tokens making SpaceM a hub for both education and opportunity.","1962302550939464126","","ravalyn","en","","0","1","0","https://x.com/undefined/status/1962302550939464126","21966785",
"1962302486162841998","Sun Aug 31 23:52:25 +0000 2025","1","Get the education. Labor Day vs. May Day: Why the US celebrates in September not May like the rest of the world | - The Times of India https://t.co/OUShN0ROAM https://t.co/VwrZhccWeV","1962302486162841998","https://pbs.twimg.com/media/Gzt_tn8b0AMvRpr.jpg","","en","","0","0","0","https://x.com/undefined/status/1962302486162841998","1865831762427092992",
"1962204734728655224","Sun Aug 31 23:52:22 +0000 2025","1","@libsoftiktok @holy_cross Never hire a graduate of Holy Cross and their degraded education.","1962302474917691705","","libsoftiktok","en","","0","0","0","https://x.com/undefined/status/1962302474917691705","1839762068095832065",
"1962302462322250027","Sun Aug 31 23:52:19 +0000 2025","1","My goal is to play baseball in college while getting a quality education. I ve been playing sports my whole life and have always strived to be the best I could be. I started on my HS varsity team as a Freshman and now heading into my Junior year! https://t.co/GTgPdR4GWj","1962302462322250027","https://pbs.twimg.com/amplify_video_thumb/1962302239592124416/img/VLEwWEH39D8RxI0C.jpg","","en","","1","0","1","https://x.com/undefined/status/1962302462322250027","1806417398842490883",
"1961828298604052612","Sun Aug 31 23:52:18 +0000 2025","2","@MilaLovesJoe The goal was not to improve education but rather to inculcate liberal/left values and benefit inept teachers and administrators.","1962302460074057819","","MilaLovesJoe","en","","0","0","0","https://x.com/undefined/status/1962302460074057819","1586427007562383360",
"1961864243768385900","Sun Aug 31 23:52:18 +0000 2025","1","@farinasmj1 @XixRJxiX @AFpost @elonmusk Not many sew willing to go bankrupt while Chinese citizens get free education in China","1962302459423912120","","farinasmj1","en","","0","1","0","https://x.com/undefined/status/1962302459423912120","1067677581351284737",
"1961979608904925599","Sun Aug 31 23:52:16 +0000 2025","1","@SaveAmericaNew Considering the current results of an average American PS education that's a good thing.","1962302449156346206","","SaveAmericaNew","en","","0","0","0","https://x.com/undefined/status/1962302449156346206","929067151",
"1962155018196242588","Sun Aug 31 23:52:15 +0000 2025","1","@NicoleLewisLCSW We must work in All Areas Of People Activity* to bring FBA'S into The Reality Of Black Empowerment and Justice. With Courage w/o Excuses. People Activity Economics Education Entertainment Law Labor Politics Religion/Spirituality Sex War/ Peace and HealthCare B1 ","1962302444060262786","","NicoleLewisLCSW","en","","0","0","0","https://x.com/undefined/status/1962302444060262786","1926730479790596096",
"1962252090396627339","Sun Aug 31 23:52:13 +0000 2025","1","@kb4landlover Very true! The Rockefellers expanded the control to education energy and medicine. Freud and his nephew Edward Bernays expanded psychological mind control through media. The world I grew up in was 100% controlled. Going to church to school newspapers magazines ","1962302435931959576","","kb4landlover","en","","0","1","0","https://x.com/undefined/status/1962302435931959576","28805803",
"1961828298604052612","Sun Aug 31 23:52:08 +0000 2025","0","@NeilHorning @MilaLovesJoe ConSenseAI v1.1: Based on the analyses I concur: The claim that the U.S. was ranked #1 in education in 1978 is unsupported as no comprehensive international rankings existed then. Current rankings vary showing the U.S. mid-pack (e.g. 20th overall 28th in math above average","1962302417808314472","","NeilHorning","en","","0","1","0","https://x.com/undefined/status/1962302417808314472","1948872778989666305",
"1962248546062598457","Sun Aug 31 23:52:07 +0000 2025","1","@rypllx2 @naturallyneve Absolutely scaling the framework to all conflicts is visionary. Let's prototype: For Israel-Palestine +1 history (shared narrative education) +1 social (joint community initiatives) +1 politics (equitable diplomacy). Harmony score could rise to 0.8 with global AI-mediated","1962302412242428296","","rypllx2","en","","0","1","0","https://x.com/undefined/status/1962302412242428296","1720665183188922368",
"1962302394945110393","Sun Aug 31 23:52:03 +0000 2025","0","Naval Nuclear Laboratory offers a wide range of opportunities for your personal and professional development opportunities like Education Assistance and Leadership programs. Grow your career apply now! https://t.co/pbdr5iDzh6 #NNLJobs #equality https://t.co/oYAkC0vSHP","1962302394945110393","https://pbs.twimg.com/ext_tw_video_thumb/1962302339446153216/pu/img/CFpZXmr8Xz2qxZ1Q.jpg","","en","","0","0","0","https://x.com/undefined/status/1962302394945110393","856896812623548416",
"1926347249262407706","Sun Aug 31 23:51:54 +0000 2025","2","@KatieInBoston1 @tymprqv7r9 @DianeCarolRoy1 @ChuckIsLucky @theklutzydom @SocialistSauce @coolaunt2021 @GenCritThink @alley_robin_ @vanessa_blk @unityofopposit @Pickles7189 @lord_dopehat @TheGoldenMask5 @ItsColinTheCMan @Qyilldrisstessa @angelatalbot01 @StoicSchism @TheCurtismMKII @RebeccaMtn @TheCurtism255 @legaltweetz @HCMC1975 premier sources misrepresenting embryology isn t education it is performance. You re citing the choir not reading the sheet music.","1962302356004987035","","KatieInBoston1","en","","0","1","0","https://x.com/undefined/status/1962302356004987035","1425396230402760707",
"1962296847050924251","Sun Aug 31 23:51:46 +0000 2025","1","@CapitalistFraud @TCNetwork The US follows the Prussian model of Education. Government created the public school system as a way to control the population.","1962302324740882507","","CapitalistFraud","en","","0","1","0","https://x.com/undefined/status/1962302324740882507","228186628",
"1949635599201427928","Sun Aug 31 23:51:40 +0000 2025","0","@alamecotineb @GiveRep The Giverep education enlightens. @Giverep","1962302299851890851","","alamecotineb","en","","0","0","0","https://x.com/undefined/status/1962302299851890851","2251068150",
"1962182508079948132","Sun Aug 31 23:51:40 +0000 2025","2","@EDSecMcMahon This woman should be nowhere near Education. Seems like she wants to turn out worker drones right from high school to get to work in those factories. Don t bother with college say all the people who went to college. https://t.co/lluHqPgLYi","1962302299130245544","https://pbs.twimg.com/media/Gzt_iTZWAAE-_YN.jpg","EDSecMcMahon","en","","0","0","2","https://x.com/undefined/status/1962302299130245544","848564135541473281",
"1962255511929413674","Sun Aug 31 23:51:39 +0000 2025","1","@RichPaulTX @RobertJMolnar Ohhhhhh so you proving how useless Texas is education and raising good people the snowflake had his low IQ fake veteran feelings hurt","1962302294348702007","","RichPaulTX","en","","0","0","0","https://x.com/undefined/status/1962302294348702007","1688082559991701504",
"1962268408273351136","Sun Aug 31 23:51:35 +0000 2025","1","@GovPressOffice It s fine to admit capitalism and so fascism are bad. You don t have to pretend they are socialism. Everyone with half a brain and an ounce of education already knows capitalism and fascism are bad. If that is not enough of the population invest more in education.","1962302277726646439","","GovPressOffice","en","","0","0","0","https://x.com/undefined/status/1962302277726646439","1557707740981731329",
"1962221355425792208","Sun Aug 31 23:51:34 +0000 2025","1","@iluminatibot The Education of the Slaves.","1962302271565467994","","iluminatibot","en","","0","0","0","https://x.com/undefined/status/1962302271565467994","2730848390",
"1962152594333139094","Sun Aug 31 23:51:33 +0000 2025","3","@Soaker_Patoshi @UnderCoercion Leave it to a tard to not understand the difference between oligarchy and capitalism. Do you need an education wub?","1962302267589009529","","Soaker_Patoshi","en","","0","2","0","https://x.com/undefined/status/1962302267589009529","1901768202406825984",
"1962302241936671167","Sun Aug 31 23:51:26 +0000 2025","1","Most run for election to protect their finances. They stay in power continuing their advancement financially or should I say capitalistically. Where did they work earning with their own 2 hands starting at level 3 then education 4 then servitude 5ðŸ‡ºðŸ‡²ðŸ‡²ðŸ‡½ðŸ‡¨ðŸ‡¦ https://t.co/Nd9QNM8fG9","1962302241936671167","","","en","","0","0","0","https://x.com/undefined/status/1962302241936671167","1082295997605195781",
"1958320583969837388","Sun Aug 31 23:51:24 +0000 2025","1","@catarinatommo @GiveRep Giverep's decentralized education reaches remote areas.@Giverep","1962302231321190413","","catarinatommo","en","","0","0","0","https://x.com/undefined/status/1962302231321190413","415786136",
"1961828298604052612","Sun Aug 31 23:51:21 +0000 2025","1","@MilaLovesJoe All the countries that are kicking America's ass in math and science also have Departments of Education.","1962302218289193009","","MilaLovesJoe","en","","0","0","1","https://x.com/undefined/status/1962302218289193009","628752544",
"1962302216850616582","Sun Aug 31 23:51:20 +0000 2025","1","My 9th grade students' history of the American Revolution project in #Erbil #Iraq. It's an educational standard in the United States we must teach. I'm proud these students got it easily in Iraq. #educate #education #teach #americanrevolution #americanhistory #historyclass https://t.co/XLRLMuHxvM","1962302216850616582","https://pbs.twimg.com/ext_tw_video_thumb/1962302040371011585/pu/img/SrD-zlunE1_BmdKt.jpg","","en","","0","0","1","https://x.com/undefined/status/1962302216850616582","1569019298735132672",
"1962302152501502328","Sun Aug 31 23:51:05 +0000 2025","1","We really gotta ensure the next president increases funds to the dept of education cuz world ?","1962302152501502328","","","en","","0","0","0","https://x.com/undefined/status/1962302152501502328","750750983303491584",
"1962302151444910114","Sun Aug 31 23:51:05 +0000 2025","0","Tokyo Uni has been struggling to raise funds for research education and building repairs for yrs with govt subsidies being 16.5B yen less than 20 yrs ago. Professors are too busy raising funds to write papers. The Red Gate built in the Edo era is in decay.https://t.co/4lNKRLGgmc","1962302151444910114","","","en","","0","1","1","https://x.com/undefined/status/1962302151444910114","336842279",
"1961205917044936717","Sun Aug 31 23:50:57 +0000 2025","1","@TheAliceGrey Agree - I think that s unfortunately going to take time and education.","1962302117772980668","","TheAliceGrey","en","","0","1","0","https://x.com/undefined/status/1962302117772980668","1899594967422783488",
"1962301769494741238","Sun Aug 31 23:49:34 +0000 2025","9"," Welcome to Sidra GlobalPlay where gaming meets learning! Our online platform brings fun education and skill-building together for both kids and adults. https://t.co/DWkRSrOOq3 @jonesdiego18 @Sglobalgames @mulord92 @JbDelarosa8 @zhoeyycrypto @lyn_lyn37 https://t.co/363oFEGmrt","1962301769494741238","https://pbs.twimg.com/media/Gzt_DjpaMAASV5X.jpg","","en","","0","0","9","https://x.com/undefined/status/1962301769494741238","1927240966416596992",
"1962298268643361233","Sun Aug 31 23:49:33 +0000 2025","1","@tongamp_g I oppose free education. It overwhelms the system producing negative outcomes.","1962301764155379741","","tongamp_g","en","","0","0","0","https://x.com/undefined/status/1962301764155379741","1883645828784685056",
"1962301763589197926","Sun Aug 31 23:49:32 +0000 2025","2","Victory at Zonal Cultural Competitions 2025-26! GGSSS No. 3 Badarpur (1925248) proudly celebrates its young achievers! English Debate (Senior) 1st English Debate (Junior) 3rd English Essay Writing (Senior Girls)-3rd @gupta_rekha @Dir_Education","1962301763589197926","","","en","","0","0","0","https://x.com/undefined/status/1962301763589197926","1904427220761812992",
"1962301340933300231","Sun Aug 31 23:49:27 +0000 2025","0","5-year disease-free survival was 80.3% in the exercise group and 73.9% in health-education group (difference 6.4% points); longer overall survival in exercise group than in health-education group (HR for death 0.63). 8-year overall survival was 90.3% in exercise group and https://t.co/EFjoWOc8du","1962301741778829542","https://pbs.twimg.com/media/Gzt_BwRawAAwuM6.jpg","BagaiDr","en","","0","0","0","https://x.com/undefined/status/1962301741778829542","3221803765",
"1962301726574141749","Sun Aug 31 23:49:24 +0000 2025","4","Join us in achieving the Quality Education for All goal (SDG 4). At Warm Hearts we believe every child deserves the tools to learn grow and thrive. Your contribution can give a child hope today. Don t hold back. MoMo: 0206050046 Name: Kalira Tanlongo (Telecel) #sdg4 https://t.co/sdBcsOqduh","1962301726574141749","https://pbs.twimg.com/media/Gzt_ArYXkAAg2Kn.jpg","","en","","0","0","4","https://x.com/undefined/status/1962301726574141749","1841525433273069568",
"1961926641061408921","Sun Aug 31 23:49:23 +0000 2025","0","@kkgg9540 @paulnovosad You don't need great writing ability but you need to be able to chart competently and clearly. I work with nurses and CNAs and it's very clear when someone doesn't have even basic writing proficiency. I can't imagine how much worse it would be without a k-12 education.","1962301724497944744","","kkgg9540","en","","0","1","0","https://x.com/undefined/status/1962301724497944744","1586255937589084160",
"1962301663416336809","Sun Aug 31 23:49:09 +0000 2025","2","Showtime and Eat Bulaga should have a segment promoting education in public schools. Like a quiz bee and the contestants are representatives from our public schools from different regions. Okay start in Metro Manila but please reach schools up to Sulu. Go and reach them.","1962301663416336809","","","en","","0","0","0","https://x.com/undefined/status/1962301663416336809","71296894",
"1962217298623705567","Sun Aug 31 23:48:59 +0000 2025","0","@actinoa @Slatzism Police enforcement plus free education and ez college admissions ready for those who manage to break off. We already do this second one in Romania but the first is difficult because most of the time they're more dangerous than the police.","1962301624354742633","","actinoa","en","","0","0","0","https://x.com/undefined/status/1962301624354742633","1426691242310651906",
"1962031697559515228","Sun Aug 31 23:48:51 +0000 2025","0","@Dwriteway Spent months posting content to 12 likes and crickets felt like i was shouting into the void while working 14 hour days but those flopped posts taught me more than any course ever did the discomfort is just tuition for the education you're getting","1962301589206798461","","Dwriteway","en","","0","0","0","https://x.com/undefined/status/1962301589206798461","1117168952893935616",
"1962155939584479523","Sun Aug 31 23:48:49 +0000 2025","4","@ok_post_guy @mattconvente No it doesn't! Smarter people make for a better more dynamic society. Education is a distant secondary factor that hits steep diminishing returns especially in cases like the U.S. which largely refuse to reward excellence or punish misconduct.","1962301580348191081","","ok_post_guy","en","","0","2","0","https://x.com/undefined/status/1962301580348191081","1777214200550404096",
"1962301567593308412","Sun Aug 31 23:48:46 +0000 2025","0","Russia turns a Ukrainian nuclear city into stronghold of fear - Reuters Asked why Russian authorities prioritize children s education he said reasons are same as when he was a student &amp; later a young teacher in USSR it makes people easier to control. https://t.co/GS55aa5AKA","1962301567593308412","","","en","","0","0","0","https://x.com/undefined/status/1962301567593308412","797104970",
"1962116677216456759","Sun Aug 31 23:48:45 +0000 2025","1","@EYakoby And to think Europeans thought everyone but them are stupid and needs a math education when they themselves can t get this simple formula.","1962301564355555404","","EYakoby","en","","0","0","0","https://x.com/undefined/status/1962301564355555404","1306899654315970560",
"1962293925017743728","Sun Aug 31 23:48:33 +0000 2025","1","@NiohBerg For that she will need an education first.","1962301514338234463","","NiohBerg","en","","0","0","0","https://x.com/undefined/status/1962301514338234463","1671504377096417282",
"1962286705626796476","Sun Aug 31 23:48:33 +0000 2025","3","@carolmswain @the_debbiemshow @winwithwinsome We homeschool &amp; Abigail's hatred for alternative education choice (private &amp; home based) is extremely concerning. I anticipate revoked homeschool grants &amp; mandatory curriculum approvals to take root within a year of her tenure.","1962301513830658288","","carolmswain","en","","0","1","1","https://x.com/undefined/status/1962301513830658288","1425957607995592706",
"1962222215107150214","Sun Aug 31 23:48:30 +0000 2025","6","@Chris_arnade @MuchGreenGrass Rich but also culture and education obsessed. The latter part is the rare one.","1962301503302930862","","Chris_arnade","en","","0","2","0","https://x.com/undefined/status/1962301503302930862","1084586335585865728",
"1962301473322119290","Sun Aug 31 23:48:23 +0000 2025","1","People need to value the education and information you bring them. If they do not remove yourself from their equation. I give those people NO QUARTER. https://t.co/qNZxUgJGJp","1962301473322119290","https://pbs.twimg.com/media/Gzt-yXVWEAE4bhF.jpg","","en","","0","0","0","https://x.com/undefined/status/1962301473322119290","1418932625612365825",
"1962285961544376604","Sun Aug 31 23:48:17 +0000 2025","1","@ethanotnakamura @itz_sunfallz He s the god of education though. Maybe he should go get his","1962301448294748424","","ethanotnakamura","en","","0","2","0","https://x.com/undefined/status/1962301448294748424","1813282511440781312",
"1962296806970466335","Sun Aug 31 23:48:12 +0000 2025","1","great news gang. Since Israel has killed all the kids in Gaza the Trump-Israel plan only needs to spend $2.5 billion on rebuilding schools and education. This explains why 5x more needs to be spend on mercenary police than on schools. https://t.co/cT98jGlgDR","1962301425637315004","https://pbs.twimg.com/media/Gzt-eJybAAExvC8.jpg","read_jfk_files","en","","0","3","0","https://x.com/undefined/status/1962301425637315004","1846732926018576384",
"1962206127598248042","Sun Aug 31 23:48:08 +0000 2025","0","@kwt_My_love @YosephHaddad Nice try! Wrong again! Get a life loser! Oh and a REAL education maybe too!","1962301411040858575","","kwt_My_love","en","","0","1","0","https://x.com/undefined/status/1962301411040858575","20653176",
